target_cleaned,recipe_cleaned,ingredient_cleaned,is_ok,ingredient,default_portion,default_portion_in_grams,Calcium_(MG)_per_100G,Carbohydrates_(G)_per_100G,Iron_(MG)_per_100G,Lipid_(G)_per_100G,Magnesium_(MG)_per_100G,Protein_(G)_per_100G,Sodium_(MG)_per_100G,Vitamin_A_(UG)_per_100G,Vitamin_C_(MG)_per_100G,Vitamin_D_(UG)_per_100G,recipe,content,quantity,grammage,unit
cheese soft,,cheese,True,cheese,1 cracker-size slice,9.0,849.0,4.33,0.39,31.26,28.0,20.7,964.0,294.0,0.0,3.0,,,,,
ham,,ham,True,ham,1 thick slice,90.0,8.0,1.58,0.84,3.87,20.0,19.04,1149.0,13.0,0.0,0.7,,,,,
cheese hard,,cheese head,True,cheese head,Quantity not specified,56.0,16.0,0.0,1.5,10.9,9.0,13.83,941.0,0.0,0.0,0.9,,,,,
bread wholemeal,,nan,True,,,,,,,,,,,,,,,,,,
cheese cottage,,cheese cottage,True,cheese cottage,1 cup,210.0,103.0,4.31,0.13,2.3,9.0,11.0,321.0,69.0,0.0,0.0,,,,,
bread half white,,bread white,True,bread white,Quantity not specified,28.0,211.0,49.2,3.36,3.59,27.0,9.43,450.0,0.0,0.0,0.0,,,,,
fruit salad,,nan,True,,,,,,,,,,,,,,,,,,
pancake,,pancake,True,pancake,1 medium pancake,50.0,206.0,35.32,1.45,12.07,20.0,7.41,508.0,77.0,0.0,1.0,,,,,
salmon smoke,,fish salmon smoke,True,fish salmon smoke,1 cup,135.0,11.0,0.0,0.85,4.32,18.0,18.28,672.0,26.0,0.0,17.1,,,,,
avocado,,avocado,True,avocado,1 fruit,150.0,12.0,8.53,0.55,14.66,29.0,2.0,7.0,7.0,10.0,0.0,,,,,
onion scallion spring,,onion,True,onion,Quantity not specified,15.0,17.0,8.46,0.24,0.08,9.0,0.86,1.0,0.0,8.2,0.0,,,,,
caffeine ristretto,,coffee espresso,True,coffee espresso,1 espresso cup (2 fl oz),60.0,2.0,1.67,0.13,0.18,80.0,0.12,14.0,0.0,0.2,0.0,,,,,
chip french fry,,nan,True,,,,,,,,,,,,,,,,,,
pasta,,nan,True,,,,,,,,,,,,,,,,,,
sauce tomato,,nan,True,,,,,,,,,,,,,,,,,,
cheese,,cheese,True,cheese,1 cracker-size slice,9.0,849.0,4.33,0.39,31.26,28.0,20.7,964.0,294.0,0.0,3.0,,,,,
pear,,pear,True,pear,1 slice/chunk,25.0,9.0,15.18,0.18,0.15,7.0,0.37,3.0,1.0,4.3,0.0,,,,,
cashew nut,,cashew salt,True,cashew salt,1 package,50.0,44.0,31.4,5.77,47.48,250.0,14.7,399.0,0.0,0.0,0.0,,,,,
almond,,almond,True,almond,1 100 calorie package,18.0,268.0,21.01,3.73,52.54,279.0,20.96,3.0,0.0,0.0,0.0,,,,,
lentil,,lentil,True,lentil,1 cup,185.0,18.0,18.71,3.1,6.86,33.0,8.38,218.0,0.0,1.3,0.0,,,,,
mix vegetable,,nan,True,,,,,,,,,,,,,,,,,,
cucumber,,cucumber,True,cucumber,Quantity not specified,60.0,16.0,2.95,0.0,0.18,10.0,0.62,2.0,5.0,2.8,0.0,,,,,
cocoa powder,,cocoa powder reconstitute,True,cocoa powder reconstitute,Quantity not specified,5.0,128.0,57.9,13.86,13.7,499.0,19.6,21.0,0.0,0.0,0.0,,,,,
greek ou yahourt yaourt yoghourt yogourt,,nan,True,,,,,,,,,,,,,,,,,,
concentrate maple syrup,,nan,True,,,,,,,,,,,,,,,,,,
buckwheat grain peel,,buckwheat groat,True,buckwheat groat,Quantity not specified,170.0,8.0,18.99,0.76,3.97,49.0,3.24,170.0,35.0,0.0,0.1,,,,,
chicken,,nan,True,,,,,,,,,,,,,,,,,,
broccoli,,broccoli,True,broccoli,1 floweret,10.0,46.0,6.27,0.69,0.34,21.0,2.57,36.0,8.0,91.3,0.0,,,,,
mayonnaise,,nan,True,,,,,,,,,,,,,,,,,,
addition bean green salt steam without,,bean sprout,True,bean sprout,1 cup,90.0,13.0,5.94,0.91,0.18,21.0,3.04,6.0,1.0,13.2,0.0,,,,,
sausage,,sausage,True,sausage,"1 oz, cooked",28.35,9.0,1.42,1.2,27.25,16.0,18.53,814.0,28.0,0.0,1.4,,,,,
bread lettuce meat sauce substitute,,bread egg meat sandwich white,True,bread egg meat sandwich white,Quantity not specified,155.0,100.0,19.44,2.12,15.65,18.0,12.1,443.0,75.0,0.0,1.2,,,,,
tart,,tart type,True,tart type,Quantity not specified,125.0,22.0,42.6,1.22,16.1,10.0,3.0,333.0,5.0,1.3,0.0,,,,,
rice,,adobo rice,True,adobo rice,1 cup,244.0,18.0,8.86,1.34,7.94,21.0,17.69,522.0,4.0,0.0,0.4,,,,,
tomato,,tomato,True,tomato,1 slice,20.0,10.0,4.04,0.22,0.31,10.0,0.82,4.0,32.0,16.3,0.0,,,,,
caffeine coffee white,,cafe coffee mocha,True,cafe coffee mocha,1 fl oz,31.0,96.0,10.22,0.02,1.47,25.0,2.56,46.0,63.0,0.2,0.8,,,,,
apple,,apple,True,apple,1 medium,200.0,5.0,14.8,0.03,0.15,5.0,0.17,0.0,3.0,4.6,0.0,,,,,
linseed,,mix seed,True,mix seed,Quantity not specified,28.0,66.0,21.73,4.87,49.61,234.0,21.96,7.0,0.0,1.5,0.0,,,,,
seed sunflower,,seed sunflower,True,seed sunflower,1 package,50.0,70.0,24.07,3.8,49.8,129.0,19.33,3.0,0.0,1.4,0.0,,,,,
cook ham,,nan,True,,,,,,,,,,,,,,,,,,
lye pretzel soft,,pretzel soft,True,pretzel soft,1 small,62.0,23.0,69.38,3.83,4.0,21.0,8.01,775.0,8.0,0.0,0.0,,,,,
butter,,butter,True,butter,1 tablespoon,14.0,21.0,0.06,0.06,82.2,2.0,0.85,524.0,758.0,0.0,0.4,,,,,
cucumber pickle,,nan,True,,,,,,,,,,,,,,,,,,
cream soup vegetable,,cream soup vegetable,True,cream soup vegetable,1 individual container,440.0,19.0,7.83,0.36,4.72,13.0,1.41,245.0,75.0,9.0,0.2,,,,,
banana,,banana,True,banana,Quantity not specified,126.0,5.0,22.71,0.0,0.28,28.0,0.74,0.0,1.0,12.0,0.0,,,,,
noodle pasta,,cook pasta,True,cook pasta,"1 oz, dry, yields",80.0,7.0,30.68,1.27,0.92,18.0,5.76,232.0,0.0,0.0,0.0,,,,,
cream,,cream heavy,True,cream heavy,Quantity not specified,20.0,61.0,3.8,0.0,35.56,6.0,2.02,21.0,327.0,0.6,1.6,,,,,
cake chocolate,,nan,True,,,,,,,,,,,,,,,,,,
green leaf salad salad,,dress salad salad,True,dress salad salad,1 tablespoon,15.6,28.0,5.9,0.3,44.54,5.0,1.32,810.0,15.0,0.0,0.1,,,,,
potato steam,,nan,True,,,,,,,,,,,,,,,,,,
cabbage white,,cabbage chinese,True,cabbage chinese,Quantity not specified,45.0,105.0,2.18,0.8,0.2,19.0,1.5,65.0,223.0,45.0,0.0,,,,,
applesauce can unsweetened,,applesauce unsweetened,True,applesauce unsweetened,Quantity not specified,120.0,4.0,12.26,0.04,0.16,4.0,0.27,1.0,0.0,43.7,0.0,,,,,
mushroom,,mushroom,True,mushroom,Quantity not specified,35.0,5.0,4.13,0.23,0.35,10.0,2.9,6.0,0.0,2.1,0.0,,,,,
egg,,egg white,True,egg white,1 egg white,33.0,7.0,2.36,0.08,0.0,11.0,10.7,166.0,0.0,0.0,0.0,,,,,
bread white,,bread white,True,bread white,Quantity not specified,28.0,211.0,49.2,3.36,3.59,27.0,9.43,450.0,0.0,0.0,0.0,,,,,
caffeine coffee,,cafe coffee mocha,True,cafe coffee mocha,1 fl oz,31.0,96.0,10.22,0.02,1.47,25.0,2.56,46.0,63.0,0.2,0.8,,,,,
herbal tea,,nan,True,,,,,,,,,,,,,,,,,,
beef sirloin steak,,beef round steak,True,beef round steak,1 regular,160.0,18.0,0.0,3.21,4.25,17.0,29.72,382.0,5.0,0.0,0.0,,,,,
zucchini,,nan,True,,,,,,,,,,,,,,,,,,
mandarine,,tangerine,True,tangerine,Quantity not specified,109.0,37.0,13.34,0.15,0.31,12.0,0.81,2.0,34.0,26.7,0.0,,,,,
apple juice,,apple juice,True,apple juice,1 fun size box (4.23 fl oz),131.0,7.0,11.34,0.06,0.25,5.0,0.09,5.0,0.0,38.6,0.0,,,,,
caprese mozzarella salad tomato,,cheese mozzarella part skim,True,cheese mozzarella part skim,1 stick,28.35,693.0,4.44,0.2,20.4,27.0,23.7,699.0,203.0,0.0,0.4,,,,,
red wine,,red wine,True,red wine,1/2 bottle,375.0,8.0,2.61,0.46,0.0,12.0,0.07,4.0,0.0,0.0,0.0,,,,,
pasta ravioli stuff,,meatfilled ravioli sauce,True,meatfilled ravioli sauce,1 cup,160.0,32.0,17.7,2.29,7.42,15.0,12.59,770.0,35.0,0.1,0.4,,,,,
omelette plain,,egg egg fat n omelet scramble,True,egg egg fat n omelet scramble,1 cup,135.0,46.0,0.91,1.56,15.0,10.0,11.58,248.0,193.0,0.0,2.4,,,,,
chocolate dark,,chocolate fat milk reduce,True,chocolate fat milk reduce,1 individual school container,248.0,109.0,12.13,0.24,1.9,14.0,2.99,66.0,64.0,0.0,1.2,,,,,
dress french salad,,nan,True,,,,,,,,,,,,,,,,,,
kaki,,juice prune,True,juice prune,1 fl oz (with ice),23.0,12.0,17.45,1.18,0.03,14.0,0.61,4.0,0.0,4.1,0.0,,,,,
macaroon,,nan,True,,,,,,,,,,,,,,,,,,
carrot,,carrot,True,carrot,1 single serving bag,80.0,36.0,9.68,0.12,0.24,12.0,0.87,75.0,762.0,4.2,0.0,,,,,
crêpe plain,,crepe plain,True,crepe plain,1 surface inch,1.3,95.0,22.02,1.87,11.29,17.0,8.85,278.0,98.0,0.0,1.5,,,,,
jam,,jam,True,jam,1 tablespoon,20.0,20.0,68.86,0.49,0.07,4.0,0.37,32.0,0.0,8.8,0.0,,,,,
chicken nugget,,chicken nugget,True,chicken nugget,1 cup,140.0,11.0,14.93,0.83,20.36,24.0,15.92,594.0,5.0,0.6,0.2,,,,,
pumpkin soup,,pumpkin soup,True,pumpkin soup,1 individual container,440.0,23.0,6.86,0.74,4.7,12.0,1.1,241.0,368.0,2.3,0.2,,,,,
sushi,,sushi,True,sushi,1 piece,30.0,6.0,18.39,0.21,0.67,13.0,2.92,428.0,4.0,0.9,0.0,,,,,
chestnut,,chestnut,True,chestnut,Quantity not specified,28.0,29.0,52.96,0.91,2.2,33.0,3.17,2.0,1.0,26.0,0.0,,,,,
sauce soya,,sauce soy,True,sauce soy,Quantity not specified,16.0,33.0,4.93,1.45,0.57,74.0,8.14,5493.0,0.0,0.0,0.0,,,,,
cabbage chinese,,cabbage chinese,True,cabbage chinese,Quantity not specified,45.0,105.0,2.18,0.8,0.2,19.0,1.5,65.0,223.0,45.0,0.0,,,,,
green tea,,nan,True,,,,,,,,,,,,,,,,,,
bread wheat whole,,bread wheat whole,True,bread wheat whole,"1 slice, snack-size",10.0,163.0,43.1,2.56,3.55,77.0,12.3,430.0,0.0,0.0,0.0,,,,,
eggplant,,eggplant,True,eggplant,Quantity not specified,40.0,9.0,5.88,0.23,0.18,14.0,0.98,2.0,1.0,2.2,0.0,,,,,
onion,,onion,True,onion,Quantity not specified,15.0,17.0,8.46,0.24,0.08,9.0,0.86,1.0,0.0,8.2,0.0,,,,,
garlic,,garlic,True,garlic,1 clove,3.0,181.0,28.2,1.7,0.38,25.0,6.62,17.0,0.0,10.0,0.0,,,,,
hummus,,nan,True,,,,,,,,,,,,,,,,,,
bake pizza vegetable,,meat pizza top vegetable,True,meat pizza top vegetable,1 cup,168.0,286.0,7.66,0.97,22.03,27.0,17.55,837.0,98.0,11.0,0.6,,,,,
black olive,,black olive,True,black olive,1 olive,5.0,88.0,6.04,6.28,10.9,4.0,0.84,735.0,17.0,0.9,0.0,,,,,
bake margherita pizza,,nan,True,,,,,,,,,,,,,,,,,,
ear lamb salad,,lamb stew,True,lamb stew,1 cup,255.0,16.0,6.29,0.79,6.39,17.0,8.19,308.0,129.0,7.0,0.0,,,,,
drink g glucose,,drink energy monster,True,drink energy monster,1 can (20 fl oz),620.0,0.0,11.28,0.04,0.0,0.0,0.47,77.0,0.0,0.0,0.0,,,,,
mozzarella,,cheese mozzarella,True,cheese mozzarella,1 cubic inch,18.0,693.0,4.44,0.2,20.4,27.0,23.7,699.0,203.0,0.0,0.4,,,,,
cauliflower,,cauliflower,True,cauliflower,Quantity not specified,55.0,22.0,4.97,0.42,0.28,15.0,1.92,30.0,0.0,48.2,0.0,,,,,
bake cake dough quiche spinach,,meatless quiche spinach,True,meatless quiche spinach,"1 piece (1/8 of 9"" dia)",143.0,231.0,11.68,1.08,23.51,39.0,10.29,317.0,264.0,4.3,0.9,,,,,
green olive,,green olive,True,green olive,1 cup,135.0,52.0,3.84,0.49,15.32,11.0,1.03,1556.0,20.0,0.0,0.0,,,,,
bell pepper red,,cook pepper red,True,cook pepper red,1 miniature,30.0,6.0,6.71,0.36,2.78,11.0,0.92,126.0,162.0,121.5,0.0,,,,,
brazil nut,,brazil nut,True,brazil nut,1 cup,133.0,160.0,11.74,2.43,67.1,376.0,14.32,3.0,0.0,0.7,0.0,,,,,
bread pita,,bread pita,True,bread pita,1 small pita,28.0,86.0,55.7,2.62,1.2,26.0,9.1,536.0,0.0,0.0,0.0,,,,,
pasta wholemeal,,cook grain pasta whole,True,cook grain pasta whole,"1 cup, cooked",140.0,13.0,29.89,1.71,1.7,54.0,5.95,235.0,0.0,0.0,0.0,,,,,
dahl dhal lentil soup,,can lentil soup,True,can lentil soup,1 cup,255.0,15.0,7.22,0.86,0.64,12.0,2.48,264.0,52.0,1.8,0.0,,,,,
prosecco,,nan,True,,,,,,,,,,,,,,,,,,
bread toast,,bread rye toast,True,bread rye toast,1 small or thin/very thin slice,22.0,80.0,53.08,3.11,3.63,44.0,9.34,626.0,0.0,0.4,0.0,,,,,
pasta penne,,cook pasta,True,cook pasta,"1 oz, dry, yields",80.0,7.0,30.68,1.27,0.92,18.0,5.76,232.0,0.0,0.0,0.0,,,,,
salmon,,cook pasta,True,cook pasta,"1 oz, dry, yields",80.0,7.0,30.68,1.27,0.92,18.0,5.76,232.0,0.0,0.0,0.0,,,,,
cotta panna,,nan,True,,,,,,,,,,,,,,,,,,
juice lemon water,,form juice lemon n,True,form juice lemon n,Quantity not specified,8.0,6.0,6.9,0.08,0.24,6.0,0.35,1.0,0.0,38.7,0.0,,,,,
caffeine espresso,,coffee espresso,True,coffee espresso,1 espresso cup (2 fl oz),60.0,2.0,1.67,0.13,0.18,80.0,0.12,14.0,0.0,0.2,0.0,,,,,
egg prepare scramble,,egg egg fat n omelet scramble,True,egg egg fat n omelet scramble,1 cup,135.0,46.0,0.91,1.56,15.0,10.0,11.58,248.0,193.0,0.0,2.4,,,,,
juice orange,,juice orange,True,juice orange,1 individual school container,124.0,56.0,10.17,0.06,0.34,10.0,0.77,2.0,2.0,28.7,0.4,,,,,
cub ice,,water,True,water,Quantity not specified,360.0,6.0,0.0,0.0,0.0,2.0,0.0,3.0,0.0,0.0,0.0,,,,,
water,,water,True,water,Quantity not specified,360.0,6.0,0.0,0.0,0.0,2.0,0.0,3.0,0.0,0.0,0.0,,,,,
braid loaf white,,bread toast white,True,bread toast white,1 medium or regular slice,25.0,232.0,54.07,3.69,3.94,30.0,10.36,495.0,0.0,0.0,0.0,,,,,
cheese emmental,,cheese gruyere,True,cheese gruyere,1 package (6 oz),170.0,1011.0,0.36,0.17,32.34,36.0,29.81,714.0,271.0,0.0,0.6,,,,,
caotina hazelnutchocolate ovomaltine spreadnutella,,candy chocolate cover peanut,True,candy chocolate cover peanut,1 cup,160.0,137.0,44.14,2.04,37.66,109.0,14.33,50.0,35.0,0.0,0.0,,,,,
mineral water,,water,True,water,Quantity not specified,360.0,6.0,0.0,0.0,0.0,2.0,0.0,3.0,0.0,0.0,0.0,,,,,
bake cheese pastry puff quiche,,cheese pastry puff,True,cheese pastry puff,Quantity not specified,70.0,121.0,13.4,1.38,19.54,13.0,9.3,554.0,212.0,0.0,1.3,,,,,
bread sourdough,,nan,True,,,,,,,,,,,,,,,,,,
hazelnut,,hazelnut,True,hazelnut,1 nut,1.5,114.0,16.7,4.7,60.75,163.0,14.95,0.0,1.0,6.3,0.0,,,,,
bread nut,,bread nut,True,bread nut,Quantity not specified,49.0,161.0,49.66,2.31,20.1,24.0,6.59,336.0,37.0,0.1,0.6,,,,,
miso soup,,nan,True,,,,,,,,,,,,,,,,,,
curry vegetarian,,curry vegetable,True,curry vegetable,Quantity not specified,240.0,21.0,8.81,0.68,5.27,16.0,1.6,388.0,66.0,12.3,0.0,,,,,
basmati rice,,nan,True,,,,,,,,,,,,,,,,,,
bacon fry,,nan,True,,,,,,,,,,,,,,,,,,
butter fat full mash milk potato prepare,,butter eat fresh make peel potato roast,True,butter eat fresh make peel potato roast,1 small,130.0,15.0,20.07,1.03,4.02,27.0,2.41,181.0,37.0,9.1,0.0,,,,,
spinach,,spinach,True,spinach,1 leaf,10.0,68.0,2.41,1.26,0.62,93.0,2.85,111.0,283.0,26.5,0.0,,,,,
bread indien naan,,bread naan,True,bread naan,"1 piece (1/4 of 10"" dia)",44.0,64.0,50.23,1.88,7.28,74.0,11.09,508.0,2.0,0.0,0.0,,,,,
cream spinach,,cream spinach,True,cream spinach,Quantity not specified,100.0,58.0,6.11,0.76,6.09,67.0,2.39,450.0,257.0,15.1,0.3,,,,,
halloumi,,nan,True,,,,,,,,,,,,,,,,,,
chicken creamcoconut curry curry milk spicespaste,,nan,True,,,,,,,,,,,,,,,,,,
cream sauce,,cream sauce tomato vodka,True,cream sauce tomato vodka,1 cup,260.0,29.0,3.56,0.58,6.57,10.0,1.15,247.0,60.0,7.8,0.2,,,,,
bread flour french white,,bread french vienna,True,bread french vienna,1 small or thin/very thin slice,32.0,52.0,51.88,3.91,2.42,32.0,10.75,602.0,0.0,0.0,0.0,,,,,
tomme,,blue cheese dress fat free roquefort,True,blue cheese dress fat free roquefort,1 packet,44.0,51.0,25.6,0.12,1.01,15.0,1.52,814.0,5.0,0.5,0.0,,,,,
carrot mix pea vegetable,,andor assort carrot dress include lettuce salad tomato vegetable,True,andor assort carrot dress include lettuce salad tomato vegetable,1 Burger King side salad,98.0,32.0,4.58,0.31,0.2,19.0,1.07,39.0,239.0,9.6,0.0,,,,,
parsley,,parsley,True,parsley,Quantity not specified,4.0,138.0,6.33,6.2,0.79,50.0,2.97,56.0,421.0,133.0,0.0,,,,,
brownie,,nan,True,,,,,,,,,,,,,,,,,,
salami,,salami,True,salami,"1 slice, NFS",28.0,24.0,0.72,1.36,31.65,20.0,21.07,1756.0,11.0,0.0,0.9,,,,,
cream dairy ice,,nan,True,,,,,,,,,,,,,,,,,,
cake carrot,,nan,True,,,,,,,,,,,,,,,,,,
addition beetroot salt steam without,,beet cook green,True,beet cook green,1 cup,150.0,122.0,4.51,2.68,2.87,73.0,2.3,365.0,325.0,21.9,0.0,,,,,
dress salad,,nan,True,,,,,,,,,,,,,,,,,,
dry meat,,beef round steak,True,beef round steak,1 regular,160.0,18.0,0.0,3.21,4.25,17.0,29.72,382.0,5.0,0.0,0.0,,,,,
chop mix salad sauce without,,assort carrot dress exclude lettuce salad tomato vegetable,True,assort carrot dress exclude lettuce salad tomato vegetable,Quantity not specified,74.0,31.0,4.09,0.31,0.19,20.0,1.19,34.0,178.0,15.8,0.0,,,,,
feta,,cheese feta,True,cheese feta,1 cubic inch,17.0,371.0,5.58,0.07,19.08,18.0,19.71,1034.0,147.0,0.0,0.0,,,,,
bread,,nan,True,,,,,,,,,,,,,,,,,,
chickpea,,chickpea,True,chickpea,Quantity not specified,92.0,46.0,25.48,2.7,8.91,45.0,8.23,222.0,1.0,1.1,0.0,,,,,
oil,,oil olive,True,oil olive,1 tablespoon,14.0,1.0,0.0,0.56,100.0,0.0,0.0,2.0,0.0,0.0,0.0,,,,,
dress mayonnaise potato salad yogurt,,make mayonnaise potato salad,True,make mayonnaise potato salad,Quantity not specified,138.0,10.0,15.81,0.3,11.14,16.0,1.51,179.0,4.0,5.8,0.0,,,,,
balsamic dress salad,,nan,True,,,,,,,,,,,,,,,,,,
romanesco,,nan,True,,,,,,,,,,,,,,,,,,
kolhrabi,,kohlrabi,True,kohlrabi,Quantity not specified,68.0,24.0,6.2,0.4,0.1,19.0,1.7,20.0,2.0,62.0,0.0,,,,,
alfa sprout,,alfalfa sprout,True,alfalfa sprout,Quantity not specified,17.0,32.0,2.1,0.96,0.69,27.0,3.99,6.0,8.0,8.2,0.0,,,,,
brussel sprout,,brussels sprout,True,brussels sprout,1 cup,90.0,42.0,8.95,1.4,0.3,23.0,3.38,25.0,38.0,85.0,0.0,,,,,
bacon cook,,bacon beef cook,True,bacon beef cook,Guideline amount if topping,8.0,9.0,1.4,3.14,34.4,27.0,31.3,1500.0,0.0,0.0,0.2,,,,,
bulgur,,nan,True,,,,,,,,,,,,,,,,,,
pumpkin,,pie pumpkin,True,pie pumpkin,Quantity not specified,150.0,91.0,36.34,1.24,9.78,19.0,4.76,252.0,327.0,2.2,0.3,,,,,
black tea,,black hot leaf tea,True,black hot leaf tea,1 small,360.0,0.0,0.3,0.02,0.0,3.0,0.0,3.0,0.0,0.0,0.0,,,,,
tea,,black hot leaf tea,True,black hot leaf tea,1 small,360.0,0.0,0.3,0.02,0.0,3.0,0.0,3.0,0.0,0.0,0.0,,,,,
kiwi,,fruit kiwi,True,fruit kiwi,1 fruit,75.0,35.0,14.0,0.24,0.44,16.0,1.06,5.0,4.0,74.7,0.0,,,,,
chocolate egg small,,chocolate milk,True,chocolate milk,1 individual school container,248.0,128.0,10.98,0.24,0.83,13.0,3.44,68.0,55.0,0.6,1.1,,,,,
cappuccino,,nan,True,,,,,,,,,,,,,,,,,,
chicken wing,,nan,True,,,,,,,,,,,,,,,,,,
addition addition fat salt stew without without zucchini,,sambar stew vegetable,True,sambar stew vegetable,Quantity not specified,124.0,19.0,11.77,1.67,2.71,23.0,4.33,207.0,7.0,3.2,0.0,,,,,
gruyère,,nan,True,,,,,,,,,,,,,,,,,,
black bread,,black bread,True,black bread,"1 slice, snack-size",10.0,68.0,47.5,2.87,3.1,54.0,8.7,596.0,0.0,0.0,0.0,,,,,
cheese fresh,,nan,True,,,,,,,,,,,,,,,,,,
mango,,mango,True,mango,1 slice/chunk,25.0,11.0,14.98,0.16,0.38,10.0,0.82,1.0,54.0,36.4,0.0,,,,,
addition salt spinach steam without,,artichoke dip spinach,True,artichoke dip spinach,1 individual container,70.0,120.0,5.07,0.44,32.76,22.0,4.21,620.0,151.0,1.6,0.1,,,,,
fish,,fish,True,fish,1 cubic inch,17.0,17.0,6.64,0.86,14.52,27.0,19.32,350.0,29.0,0.9,5.3,,,,,
crisp,,apple crisp,True,apple crisp,1 cup,250.0,15.0,30.18,1.0,9.59,30.0,2.81,119.0,76.0,0.6,0.0,,,,,
pork,,pork,True,pork,1 cubic inch,17.0,10.0,0.0,0.79,8.67,26.0,27.14,348.0,0.0,0.0,0.7,,,,,
rosti,,nan,True,,,,,,,,,,,,,,,,,,
chocolate hazelnut milk,,chocolate hazelnut spread,True,chocolate hazelnut spread,Guideline amount per slice of bread/roll,20.0,108.0,62.36,4.38,29.73,64.0,5.41,41.0,1.0,0.0,0.0,,,,,
flake oat,,oatmeal,True,oatmeal,"1 cup, dry, yields",485.0,12.0,11.17,0.67,2.63,24.0,2.18,81.0,16.0,0.0,0.0,,,,,
bread grain,,bread raisin,True,bread raisin,"1 slice, crust not eaten",13.0,196.0,52.21,3.2,3.26,28.0,8.82,408.0,0.0,0.2,0.0,,,,,
tuna,,fish tuna,True,fish tuna,Quantity not specified,90.0,18.0,0.08,1.67,0.94,23.0,19.0,219.0,17.0,0.0,1.2,,,,,
walnut,,exclude honey roast walnut,True,exclude honey roast walnut,1 cup,120.0,88.0,10.91,2.24,69.74,142.0,14.56,0.0,1.0,1.3,0.0,,,,,
ratatouille,,ratatouille,True,ratatouille,Quantity not specified,108.0,21.0,5.77,0.44,4.73,14.0,1.09,151.0,20.0,18.7,0.0,,,,,
bacon,,bacon bit,True,bacon bit,1 tablespoon,7.0,101.0,28.6,0.72,25.9,95.0,32.0,1770.0,0.0,1.9,0.0,,,,,
bouillon,,french onion soup,True,french onion soup,1 individual container,440.0,138.0,11.84,0.67,4.47,13.0,5.45,378.0,32.0,2.9,0.1,,,,,
seed sesame,,seed sesame,True,seed sesame,1 cup,128.0,60.0,11.73,6.36,61.21,345.0,20.45,47.0,3.0,0.0,0.0,,,,,
bake potato,,bake potato,True,bake potato,1 cup,130.0,5.0,21.45,0.35,0.1,25.0,1.95,181.0,0.0,12.7,0.0,,,,,
fennel,,nan,True,,,,,,,,,,,,,,,,,,
beetroot,,beet green,True,beet green,1 cup,38.0,117.0,4.33,2.57,0.13,70.0,2.2,226.0,316.0,30.0,0.0,,,,,
meat,,meat,True,meat,Quantity not specified,60.0,15.0,0.0,1.91,11.29,22.0,27.13,363.0,3.0,0.0,0.3,,,,,
cheese cook risotto without,,parmesan risotto truffle,True,,,,,,,,,,,,,,,,,,
roast sauce,,chicken mole sauce,True,chicken mole sauce,Quantity not specified,244.0,13.0,3.22,0.78,5.58,21.0,18.97,542.0,16.0,0.1,0.0,,,,,
philadelphia,,cheese cream plain regular,True,cheese cream plain regular,Quantity not specified,30.0,97.0,4.56,0.0,33.49,9.0,5.79,368.0,274.0,0.0,0.0,,,,,
addition addition average fat mushroom salt stew without without,,stew,True,stew,Quantity not specified,255.0,16.0,6.29,0.8,4.11,17.0,8.93,308.0,131.0,7.0,0.0,,,,,
addition addition bell fat pepper red salt stew without without,,stew,True,stew,Quantity not specified,255.0,16.0,6.29,0.8,4.11,17.0,8.93,308.0,131.0,7.0,0.0,,,,,
chocolate white,,candy chocolate white,True,candy chocolate white,1 large/king size,90.0,199.0,59.24,0.24,32.09,12.0,5.87,90.0,9.0,0.5,0.0,,,,,
escalope pork,,ear pork,True,ear pork,1 item,85.0,20.0,0.0,1.1,13.78,24.0,26.15,364.0,2.0,0.1,0.9,,,,,
breadcrumb unspiced,,bread cuban,True,bread cuban,1 medium or regular slice,20.0,52.0,51.88,3.91,2.42,32.0,10.75,602.0,0.0,0.0,0.0,,,,,
fondue,,cheese fondue,True,cheese fondue,1 tablespoon,13.0,639.0,1.95,0.32,21.2,27.0,19.32,303.0,188.0,0.0,0.2,,,,,
honey,,honey,True,honey,Quantity not specified,7.0,6.0,82.4,0.42,0.0,2.0,0.3,4.0,0.0,0.5,0.0,,,,,
strawberry,,strawberry,True,strawberry,Quantity not specified,75.0,17.0,7.96,0.26,0.22,13.0,0.64,0.0,1.0,59.6,0.0,,,,,
crunch müesli,,nan,True,,,,,,,,,,,,,,,,,,
empanadas meat meat pie small turnover,,nan,True,,,,,,,,,,,,,,,,,,
rooibos tea,,nan,True,,,,,,,,,,,,,,,,,,
bake cake dough pie plum,,cake doughnut ice type,True,cake doughnut ice type,1 stick/twist,75.0,33.0,51.23,2.06,23.19,14.0,4.25,418.0,3.0,0.0,0.0,,,,,
au dauphinois gratin potato prepare,,nan,True,,,,,,,,,,,,,,,,,,
mushroom sauce,,nan,True,,,,,,,,,,,,,,,,,,
mix nut,,mix nut,True,mix nut,Quantity not specified,28.0,93.0,20.9,2.76,53.82,196.0,19.59,313.0,1.0,0.4,0.0,,,,,
bread toast wholemeal,,bread toast white,True,bread toast white,1 medium or regular slice,25.0,232.0,54.07,3.69,3.94,30.0,10.36,495.0,0.0,0.0,0.0,,,,,
radish red,,radish,True,radish,1 slice,1.0,25.0,3.4,0.34,0.1,10.0,0.68,39.0,0.0,14.8,0.0,,,,,
dumpling,,nan,True,,,,,,,,,,,,,,,,,,
linguini parpadelle pasta tagliatelle,,nan,True,,,,,,,,,,,,,,,,,,
chicken cut meat strip,,breast chicken eat skin stew,True,breast chicken eat skin stew,1 large or thick slice,85.0,7.0,0.0,0.5,8.28,23.0,24.7,316.0,17.0,0.0,0.1,,,,,
bouillon vegetable,,nan,True,,,,,,,,,,,,,,,,,,
sundried tomatoe,,sundried tomato,True,sundried tomato,Quantity not specified,28.0,110.0,55.76,9.09,2.97,194.0,14.11,107.0,44.0,39.2,0.0,,,,,
bread ticino,,bread cinnamon,True,bread cinnamon,1 large or thick slice,43.0,71.0,44.38,2.54,5.29,11.0,7.05,388.0,0.0,0.0,0.0,,,,,
milk partially porridge prepare skim,,nan,True,,,,,,,,,,,,,,,,,,
drink milk soy soya,,milk soy sweeten,True,milk soy sweeten,Guideline amount per fl oz of beverage,2.5,97.0,5.22,0.52,2.05,21.0,3.41,33.0,56.0,0.0,0.7,,,,,
bean french,,bean white,True,bean white,Quantity not specified,92.0,84.0,23.32,3.45,6.83,59.0,9.04,221.0,0.0,0.0,0.0,,,,,
ball meat,,bagel wheat,True,bagel wheat,1 Bagel Thin,46.0,105.0,48.89,2.76,1.53,51.0,10.2,439.0,0.0,0.0,0.0,,,,,
popcorn salt,,popcorn,True,popcorn,1 large single serving bag,85.0,6.0,54.99,2.26,30.57,102.0,9.13,764.0,7.0,0.0,0.0,,,,,
beer,,beer,True,beer,1 bottle (40 fl oz),1200.0,4.0,3.55,0.02,0.0,6.0,0.46,4.0,0.0,0.0,0.0,,,,,
orange,,orange,True,orange,1 fruit,154.0,42.0,11.78,0.22,0.14,10.0,0.92,4.0,11.0,56.2,0.0,,,,,
chocolate fill,,candy chocolate white,True,candy chocolate white,1 large/king size,90.0,199.0,59.24,0.24,32.09,12.0,5.87,90.0,9.0,0.5,0.0,,,,,
chocolate milk,,chocolate milk,True,chocolate milk,1 individual school container,248.0,128.0,10.98,0.24,0.83,13.0,3.44,68.0,55.0,0.6,1.1,,,,,
blueberry,,blueberry,True,blueberry,Quantity not specified,75.0,12.0,14.57,0.34,0.31,6.0,0.7,0.0,3.0,8.1,0.0,,,,,
natural ou yahourt yaourt yoghourt yogourt,,fruit parfait yogurt,True,fruit parfait yogurt,1 McDonald's parfait,150.0,86.0,16.08,0.43,2.18,21.0,5.25,44.0,7.0,13.5,0.6,,,,,
bread fruit,,bread fruit,True,bread fruit,1 slice,41.0,146.0,47.34,2.07,18.1,25.0,6.01,302.0,34.0,1.3,0.5,,,,,
beef cut meat strip,,beef eat lean steak strip,True,beef eat lean steak strip,1 cup,135.0,15.0,0.0,2.3,11.32,23.0,28.05,361.0,1.0,0.0,0.2,,,,,
corn,,corn,True,corn,1 cup,150.0,2.0,18.7,0.52,1.35,37.0,3.27,15.0,9.0,6.8,0.0,,,,,
de moine tête,,camembert cheese,True,camembert cheese,1 cubic inch,17.0,388.0,0.46,0.33,24.26,20.0,19.8,842.0,241.0,0.0,0.4,,,,,
radish white,,horseradish,True,horseradish,1 tablespoon,15.0,56.0,11.29,0.42,0.69,27.0,1.18,420.0,0.0,24.9,0.0,,,,,
pesto sauce,,pesto sauce,True,pesto sauce,1 tablespoon,16.0,207.0,5.67,1.87,59.17,61.0,8.61,988.0,91.0,3.6,0.1,,,,,
parmesan,,cheese dry grate parmesan,True,cheese dry grate parmesan,1 cup,100.0,917.0,8.36,0.3,28.75,35.0,29.87,1398.0,230.0,0.0,0.2,,,,,
celery,,celery,True,celery,1 stick,4.0,46.0,3.32,0.0,0.16,11.0,0.49,97.0,22.0,3.1,0.0,,,,,
milk oat,,milk oat,True,milk oat,Quantity not specified,244.0,155.0,5.37,0.21,2.33,8.0,0.66,43.0,0.0,0.0,1.7,,,,,
potato soup,,potato soup,True,potato soup,1 cup,255.0,15.0,10.53,0.34,4.71,13.0,1.51,240.0,60.0,7.1,0.2,,,,,
cheese cream,,nan,True,,,,,,,,,,,,,,,,,,
bread crisp wasa,,bread french vienna,True,bread french vienna,1 small or thin/very thin slice,32.0,52.0,51.88,3.91,2.42,32.0,10.75,602.0,0.0,0.0,0.0,,,,,
grape,,grape,True,grape,1 cup,150.0,10.0,19.4,0.18,0.2,8.0,0.9,5.0,3.0,3.2,0.0,,,,,
chicory witloof,,nan,True,,,,,,,,,,,,,,,,,,
bolognaise sauce,,nan,True,,,,,,,,,,,,,,,,,,
apple crumble,,nan,True,,,,,,,,,,,,,,,,,,
pistachio,,nut pistachio,True,nut pistachio,Quantity not specified,28.0,107.0,28.28,4.03,45.82,109.0,21.05,6.0,13.0,3.0,0.0,,,,,
nut pecan,,pecan,True,pecan,1 nut,1.5,55.0,12.7,2.37,73.28,103.0,9.96,0.0,3.0,1.1,0.0,,,,,
tofu,,soy yogurt,True,soy yogurt,"1 container, NFS",150.0,89.0,12.27,1.08,2.63,27.0,4.83,30.0,42.0,1.5,1.2,,,,,
white wine,,white wine,True,white wine,Quantity not specified,180.0,9.0,2.6,0.27,0.0,10.0,0.07,5.0,0.0,0.0,0.0,,,,,
spice tea,,nan,True,,,,,,,,,,,,,,,,,,
quinoa,,nan,True,,,,,,,,,,,,,,,,,,
smoothie,,fruit smoothie,True,fruit smoothie,Quantity not specified,324.0,80.0,11.98,0.19,1.1,14.0,2.32,28.0,20.0,9.5,0.6,,,,,
leek,,leek,True,leek,Quantity not specified,85.0,62.0,14.74,2.19,3.05,29.0,1.57,151.0,94.0,10.6,0.0,,,,,
soup vegetable,,soup vegetable,True,soup vegetable,1 cup,245.0,12.0,5.08,0.2,0.45,11.0,0.84,243.0,36.0,8.9,0.0,,,,,
boil shrimp,,nan,True,,,,,,,,,,,,,,,,,,
drink kefir,,kefir,True,kefir,1 fl oz,30.5,124.0,7.48,0.04,0.96,12.0,3.59,38.0,174.0,0.8,1.0,,,,,
cheese semihard,,cheese head,True,cheese head,Quantity not specified,56.0,16.0,0.0,1.5,10.9,9.0,13.83,941.0,0.0,0.0,0.9,,,,,
bread rye,,bread rye,True,bread rye,Quantity not specified,32.0,73.0,48.3,2.83,3.3,40.0,8.5,570.0,0.0,0.4,0.0,,,,,
guacamole,,guacamole,True,guacamole,1 tablespoon,15.0,12.0,8.45,0.54,14.18,28.0,1.95,344.0,7.0,10.2,0.0,,,,,
mm,,candy chocolate nut,True,candy chocolate nut,1 piece,8.0,163.0,51.77,2.2,33.66,86.0,10.99,64.0,47.0,0.0,0.0,,,,,
juice multifruit,,fruit juice,True,fruit juice,1 fl oz (with ice),23.0,21.0,12.1,0.08,0.26,7.0,0.29,5.0,1.0,34.7,0.1,,,,,
rocket salad,,carrot salad,True,carrot salad,Quantity not specified,88.0,30.0,17.62,0.39,15.74,13.0,1.25,189.0,521.0,6.1,0.0,,,,,
bread hamburger ketchup meat,,bun hamburger medium patty wheat,True,bun hamburger medium patty wheat,1 hamburger,145.0,73.0,18.74,2.72,14.4,34.0,18.18,333.0,0.0,0.0,0.1,,,,,
cooky,,cookie,True,cookie,1 medium,30.0,21.0,65.36,5.58,24.72,41.0,5.1,311.0,0.0,0.0,0.0,,,,,
cake oblong,,cake sponge,True,cake sponge,1 cup,50.0,70.0,61.0,2.72,2.7,11.0,5.4,623.0,44.0,0.0,0.2,,,,,
bake ham mushroom pizza,,cheese crust extra pizza thick vegetable,True,cheese crust extra pizza thick vegetable,"1 piece, large pizza",155.0,158.0,29.44,2.39,9.46,21.0,9.51,490.0,61.0,3.5,0.0,,,,,
coulis fruit,,fruit juice,True,fruit juice,1 fl oz (with ice),23.0,21.0,12.1,0.08,0.26,7.0,0.29,5.0,1.0,34.7,0.1,,,,,
plum,,plum,True,plum,Quantity not specified,75.0,6.0,11.42,0.17,0.28,7.0,0.7,0.0,17.0,9.5,0.0,,,,,
bake ham pizza,,cheese crust extra pizza thick vegetable,True,cheese crust extra pizza thick vegetable,"1 piece, large pizza",155.0,158.0,29.44,2.39,9.46,21.0,9.51,490.0,61.0,3.5,0.0,,,,,
date,,date,True,date,1 cup,160.0,39.0,75.03,1.02,0.39,43.0,2.45,2.0,0.0,0.4,0.0,,,,,
butter peanut,,butter peanut,True,butter peanut,1 single serving,45.0,49.0,22.31,1.74,51.36,168.0,22.21,426.0,0.0,0.0,0.0,,,,,
bean kidney,,bean kidney,True,bean kidney,Quantity not specified,92.0,26.0,21.19,2.74,6.97,42.0,8.06,218.0,0.0,1.1,0.0,,,,,
pineapple,,pineapple,True,pineapple,1 chunk,15.0,12.0,14.09,0.05,0.21,13.0,0.46,0.0,3.0,58.6,0.0,,,,,
breast chicken,,nan,True,,,,,,,,,,,,,,,,,,
cheddar,,cheddar cheese,True,cheddar cheese,"1 cup, cubed",132.0,707.0,2.44,0.16,34.0,27.0,23.3,654.0,316.0,0.0,0.6,,,,,
ketchup,,ketchup,True,ketchup,1 cup,272.0,14.0,27.1,0.39,0.32,14.0,1.08,928.0,26.0,4.1,0.0,,,,,
peppermint tea,,herbal hot tea,True,herbal hot tea,Quantity not specified,360.0,2.0,0.2,0.08,0.0,1.0,0.0,1.0,0.0,0.0,0.0,,,,,
bread fajita,,fajita,True,fajita,1 fajita,95.0,54.0,17.99,1.73,11.02,18.0,11.7,455.0,21.0,23.9,0.0,,,,,
potato sweet,,potato sweet,True,potato sweet,"1 cup, mashed",250.0,22.0,17.14,0.4,4.53,19.0,1.58,161.0,684.0,12.4,0.0,,,,,
pastry puff savoury stick,,pastry puff,True,pastry puff,1 patty shell,47.0,10.0,45.7,2.6,38.5,16.0,7.4,253.0,0.0,0.0,0.0,,,,,
chicken leg,,chicken drumstick eat leg skin stew thigh,True,chicken drumstick eat leg skin stew thigh,"1 oz, cooked",28.35,12.0,0.0,1.09,13.44,22.0,22.45,396.0,14.0,0.0,0.2,,,,,
cabbage red,,cabbage red,True,cabbage red,1 head,840.0,31.0,6.79,0.0,0.21,13.0,1.24,12.0,56.0,53.9,0.0,,,,,
croissant,,croissant,True,croissant,1 mini croissant,28.0,37.0,45.8,2.03,21.0,16.0,8.2,300.0,206.0,0.2,0.0,,,,,
hörnli pasta,,flavor pasta,True,flavor pasta,"1 oz, dry, yields",115.0,6.0,14.45,0.41,2.21,7.0,2.47,174.0,19.0,0.4,0.1,,,,,
carne chili con prepare,,can chili meat,True,can chili meat,1 can,440.0,20.0,10.82,1.84,3.38,25.0,8.5,357.0,11.0,6.0,0.0,,,,,
cream sour,,nan,True,,,,,,,,,,,,,,,,,,
cheese raclette,,nan,True,,,,,,,,,,,,,,,,,,
can corn sweet,,corn,True,corn,1 cup,150.0,2.0,18.7,0.52,1.35,37.0,3.27,15.0,9.0,6.8,0.0,,,,,
cheese process,,camembert cheese,True,camembert cheese,1 cubic inch,17.0,388.0,0.46,0.33,24.26,20.0,19.8,842.0,241.0,0.0,0.4,,,,,
cheese goat soft,,cheese goat,True,cheese goat,"1 cup, crumbled",140.0,298.0,0.12,1.62,29.84,29.0,21.58,415.0,407.0,0.0,0.5,,,,,
couscous,,nan,True,,,,,,,,,,,,,,,,,,
leaf spinach,,cream spinach,True,cream spinach,Quantity not specified,100.0,58.0,6.11,0.76,6.09,67.0,2.39,450.0,257.0,15.1,0.3,,,,,
pasta stuff tortelloni,,meatfilled sauce tortellini,True,meatfilled sauce tortellini,1 cup,190.0,67.0,18.04,1.83,7.51,15.0,12.28,434.0,70.0,0.0,0.8,,,,,
praline,,nan,True,,,,,,,,,,,,,,,,,,
chocolate croissant fill,,chocolate croissant,True,chocolate croissant,Quantity not specified,70.0,36.0,49.4,2.25,22.79,36.0,7.4,242.0,165.0,0.2,0.0,,,,,
focaccia,,nan,True,,,,,,,,,,,,,,,,,,
caper,,pickle,True,pickle,1 spear,40.0,54.0,1.99,0.23,0.43,7.0,0.48,808.0,4.0,2.1,0.0,,,,,
spaetzle,,nan,True,,,,,,,,,,,,,,,,,,
grissini,,nan,True,,,,,,,,,,,,,,,,,,
candy sweet,,candy potato sweet,True,candy potato sweet,Quantity not specified,100.0,17.0,37.69,0.31,3.48,14.0,1.18,121.0,514.0,9.3,0.0,,,,,
fruit tart,,nan,True,,,,,,,,,,,,,,,,,,
brie,,brie cheese,True,brie cheese,"1 cup, NFS",144.0,184.0,0.45,0.5,27.68,20.0,20.75,629.0,174.0,0.0,0.5,,,,,
biscuit butter,,nan,True,,,,,,,,,,,,,,,,,,
peanut,,peanut,True,peanut,"1 oz, NFS",28.35,58.0,21.26,1.58,49.66,178.0,24.35,410.0,0.0,0.0,0.0,,,,,
dilute drink ready syrup,,chocolate syrup,True,chocolate syrup,1 tablespoon,20.0,0.0,67.21,0.0,0.0,40.0,0.0,150.0,0.0,0.0,0.0,,,,,
pasta spaghetti,,sauce spaghetti,True,sauce spaghetti,Quantity not specified,65.0,27.0,8.05,0.78,1.48,18.0,1.41,419.0,32.0,2.0,0.0,,,,,
sauerkraut,,sauerkraut,True,sauerkraut,Quantity not specified,30.0,30.0,4.16,1.42,2.53,13.0,0.9,659.0,26.0,12.8,0.1,,,,,
mustard,,mustard,True,mustard,Guideline amount on regular sandwich,5.0,63.0,5.3,1.59,3.38,48.0,4.25,1100.0,4.0,0.4,0.0,,,,,
vegetable,,vegetable,True,vegetable,Quantity not specified,60.0,35.0,5.83,0.26,0.26,13.0,1.19,53.0,206.0,28.7,0.0,,,,,
soup tomato,,soup tomato,True,soup tomato,1 cup,245.0,11.0,3.64,0.44,0.41,9.0,0.65,244.0,36.0,5.9,0.0,,,,,
apple pie,,apple pie,True,apple pie,1 individual pie,150.0,11.0,37.55,1.23,15.28,8.0,2.7,217.0,40.0,0.5,0.1,,,,,
bread butter egg milk white,,bread egg sandwich white,True,bread egg sandwich white,1 submarine,175.0,132.0,26.1,2.5,9.05,19.0,10.46,353.0,92.0,0.0,1.1,,,,,
pastry puff savoury,,pastry puff,True,pastry puff,1 patty shell,47.0,10.0,45.7,2.6,38.5,16.0,7.4,253.0,0.0,0.0,0.0,,,,,
pomegranate,,pomegranate,True,pomegranate,1 cup,175.0,10.0,18.7,0.3,1.17,12.0,1.67,3.0,0.0,10.2,0.0,,,,,
anchovy,,anchovy fish,True,anchovy fish,1 can,45.0,232.0,0.0,4.63,9.71,69.0,28.89,3668.0,12.0,0.0,1.7,,,,,
drain oil tuna,,can fish tuna,True,can fish tuna,1 small can,75.0,18.0,0.08,1.67,0.94,23.0,19.0,219.0,17.0,0.0,1.2,,,,,
lemon pie,,lemon pie,True,lemon pie,1 cup,250.0,40.0,31.48,0.6,16.16,7.0,2.41,169.0,83.0,0.9,0.4,,,,,
pumpkin seed,,pumpkin seed,True,pumpkin seed,Quantity not specified,28.0,52.0,14.71,8.07,49.05,550.0,29.84,18.0,0.0,1.8,0.0,,,,,
cashew chers fauxmage vegan,,nan,True,,,,,,,,,,,,,,,,,,
bean white,,bean white,True,bean white,Quantity not specified,92.0,84.0,23.32,3.45,6.83,59.0,9.04,221.0,0.0,0.0,0.0,,,,,
melon sugar,,honeydew melon,True,honeydew melon,1 cup,155.0,6.0,9.09,0.17,0.14,10.0,0.54,18.0,3.0,18.0,0.0,,,,,
mix seed,,mix seed,True,mix seed,Quantity not specified,28.0,66.0,21.73,4.87,49.61,234.0,21.96,7.0,0.0,1.5,0.0,,,,,
hamburger,,hamburger,True,hamburger,Quantity not specified,145.0,66.0,20.68,2.83,14.38,21.0,17.51,355.0,0.0,0.5,0.1,,,,,
bun hamburger,,nan,True,,,,,,,,,,,,,,,,,,
dress oil salad vinegar,,nan,True,,,,,,,,,,,,,,,,,,
caffeine latte macchiato,,coffee macchiato,True,coffee macchiato,1 espresso cup (2 fl oz),60.0,43.0,2.71,0.09,0.83,58.0,1.18,22.0,19.0,0.2,0.4,,,,,
greek salad,,nan,True,,,,,,,,,,,,,,,,,,
celeriac,,celery,True,celery,1 stick,4.0,46.0,3.32,0.0,0.16,11.0,0.49,97.0,22.0,3.1,0.0,,,,,
pasta twist,,honeydew melon,True,honeydew melon,1 cup,155.0,6.0,9.09,0.17,0.14,10.0,0.54,18.0,3.0,18.0,0.0,,,,,
chocolate mousse,,nan,True,,,,,,,,,,,,,,,,,,
coriander,,flavor sherbet,True,flavor sherbet,1 individual container,75.0,54.0,30.4,0.14,2.0,8.0,1.1,46.0,12.0,2.3,0.0,,,,,
cenovis spread yeast,,chocolate hazelnut spread,True,chocolate hazelnut spread,Guideline amount per slice of bread/roll,20.0,108.0,62.36,4.38,29.73,64.0,5.41,41.0,1.0,0.0,0.0,,,,,
milk,,milk,True,milk,Guideline amount per cup of hot cereal,61.0,125.0,4.83,0.0,2.14,12.0,3.33,39.0,58.0,0.1,1.1,,,,,
cream thicken,,boneless chicken hot sauce source wing,True,boneless chicken hot sauce source wing,1 boneless wing,35.0,38.0,19.98,0.9,11.82,25.0,11.39,827.0,24.0,0.5,0.1,,,,,
berry,,berry,True,berry,Quantity not specified,75.0,16.0,9.94,0.28,0.25,11.0,0.66,0.0,2.0,44.2,0.0,,,,,
meringue,,meringue,True,meringue,1 meringue,22.0,5.0,75.34,0.1,0.04,7.0,7.17,113.0,0.0,0.0,0.0,,,,,
biscuit,,biscuit,True,biscuit,Quantity not specified,45.0,70.0,42.82,2.76,18.92,15.0,7.08,979.0,18.0,0.0,0.0,,,,,
beef,,beef,True,beef,"1 piece/slice, any size",30.0,18.0,0.0,2.66,13.04,20.0,27.13,372.0,4.0,0.0,0.1,,,,,
lemon,,lemon,True,lemon,1 slice or wedge,8.0,26.0,9.32,0.6,0.3,8.0,1.1,2.0,1.0,53.0,0.0,,,,,
müesli,,nan,True,,,,,,,,,,,,,,,,,,
chive,,chive,True,chive,Quantity not specified,3.0,92.0,4.35,1.6,0.73,42.0,3.27,3.0,218.0,58.1,0.0,,,,,
add birchermüesli prepare sugar,,fruit parfait yogurt,True,fruit parfait yogurt,1 McDonald's parfait,150.0,86.0,16.08,0.43,2.18,21.0,5.25,44.0,7.0,13.5,0.6,,,,,
cracker,,cracker,True,cracker,1 miniature/bite size,1.0,120.0,61.3,4.03,26.43,18.0,6.64,726.0,0.0,0.0,0.0,,,,,
batter crunchies fish,,crayfish fry,True,crayfish fry,Quantity not specified,85.0,35.0,11.72,1.53,12.89,25.0,14.06,387.0,14.0,0.7,0.0,,,,,
beef filet,,beef brisket,True,beef brisket,Quantity not specified,60.0,10.0,0.0,2.74,12.04,22.0,29.41,377.0,1.0,0.0,0.2,,,,,
fry roll spring,,fry onion ring,True,fry onion ring,Quantity not specified,120.0,72.0,39.94,0.96,19.82,20.0,4.19,575.0,0.0,1.5,0.0,,,,,
muffin,,muffin,True,muffin,1 small,70.0,44.0,53.0,1.3,16.07,10.0,4.49,336.0,21.0,0.9,0.1,,,,,
bread spell,,nan,True,,,,,,,,,,,,,,,,,,
addition cabbage salt savoy steam without,,nan,True,,,,,,,,,,,,,,,,,,
nut pine,,nut pine,True,nut pine,1 nut,0.2,16.0,13.08,5.53,68.37,251.0,13.69,2.0,1.0,0.8,0.0,,,,,
chorizo,,chorizo,True,chorizo,1 breakfast size link,20.0,37.0,2.63,2.34,28.1,30.0,19.3,983.0,0.0,0.0,1.5,,,,,
chia grain,,chia seed,True,chia seed,Quantity not specified,9.0,631.0,42.12,7.72,30.74,335.0,16.54,16.0,0.0,1.6,0.0,,,,,
fry sausage,,beef pork sausage,True,beef pork sausage,Quantity not specified,60.0,22.0,2.4,1.38,27.98,18.0,15.92,840.0,23.0,9.6,0.8,,,,,
alsace bake french pizza,,cheese crust pizza thick white,True,cheese crust pizza thick white,"1 large pizza (13-15"" diameter)",1112.0,238.0,31.82,2.23,11.41,24.0,11.8,541.0,58.0,0.1,0.1,,,,,
fillet lake perch,,crayfish fry,True,crayfish fry,Quantity not specified,85.0,35.0,11.72,1.53,12.89,25.0,14.06,387.0,14.0,0.7,0.0,,,,,
chip paprika,,chip pita,True,chip pita,1 100 calorie package,20.0,17.0,68.26,4.59,15.2,37.0,11.79,854.0,0.0,0.0,0.0,,,,,
baby bear essence fruit fruit gummi jelly jelly,,candy,True,candy,1 large/king size,120.0,49.0,86.62,0.78,8.26,17.0,1.95,43.0,15.0,0.0,0.0,,,,,
sauce savoury,,cheese sauce,True,cheese sauce,1 dipping-size container,28.0,71.0,7.86,0.56,13.27,6.0,3.14,656.0,19.0,0.0,0.0,,,,,
blue cheese mould,,blue cheese roquefort,True,blue cheese roquefort,1 cubic inch,17.3,528.0,2.34,0.31,28.74,23.0,21.4,1146.0,198.0,0.0,0.5,,,,,
rosé wine,,spritzer wine,True,spritzer wine,1 fl oz,30.0,7.0,1.62,0.22,0.0,7.0,0.04,11.0,0.0,0.0,0.0,,,,,
meat paté terrine,,nan,True,,,,,,,,,,,,,,,,,,
chocolate piece roll,,almond candy chocolate cover,True,almond candy chocolate cover,Quantity not specified,55.0,221.0,44.04,2.9,38.81,149.0,12.97,49.0,35.0,0.0,0.0,,,,,
average goat,,goat,True,goat,1 cup,135.0,17.0,0.0,3.7,3.01,0.0,26.88,392.0,0.0,0.0,0.0,,,,,
cake lemon,,nan,True,,,,,,,,,,,,,,,,,,
coconut milk,,coconut milk,True,coconut milk,Guideline amount per fl oz of beverage,2.5,188.0,2.92,0.3,2.08,0.0,0.21,19.0,63.0,0.0,1.0,,,,,
dry raisin,,raisin,True,raisin,1 miniature box (.5 oz),14.0,62.0,79.32,1.79,0.25,36.0,3.3,26.0,0.0,2.3,0.0,,,,,
caviar eggplant,,nan,True,,,,,,,,,,,,,,,,,,
rice wild,,nan,True,,,,,,,,,,,,,,,,,,
flaky pastry,,nan,True,,,,,,,,,,,,,,,,,,
seed,,chia seed,True,chia seed,Quantity not specified,9.0,631.0,42.12,7.72,30.74,335.0,16.54,16.0,0.0,1.6,0.0,,,,,
ball falafel,,falafel,True,falafel,Quantity not specified,28.0,86.0,28.96,2.31,41.19,31.0,8.28,499.0,12.0,7.3,0.0,,,,,
bread glutenfree,,nan,True,,,,,,,,,,,,,,,,,,
bread kebab pita,,bread pita,True,bread pita,1 small pita,28.0,86.0,55.7,2.62,1.2,26.0,9.1,536.0,0.0,0.0,0.0,,,,,
sausage swiss wienerli,,nan,True,,,,,,,,,,,,,,,,,,
dijon mustard,,dip honey mustard,True,dip honey mustard,Quantity not specified,60.0,24.0,25.16,0.61,18.01,13.0,1.77,509.0,19.0,0.1,0.3,,,,,
cook sausage,,pork sausage,True,pork sausage,1 cocktail or miniature link,10.0,9.0,1.42,1.2,27.25,16.0,18.53,814.0,28.0,0.0,1.4,,,,,
cook mushroom risotto,,bacon fennel pea risotto,True,,,,,,,,,,,,,,,,,,
beef meat mince,,bean meat rice,True,bean meat rice,Quantity not specified,170.0,25.0,23.54,1.64,4.24,33.0,7.49,263.0,1.0,0.3,0.0,,,,,
chocolate,,chocolate dip,True,chocolate dip,1 individual container,70.0,37.0,65.31,0.94,13.22,34.0,3.33,289.0,64.0,0.1,0.0,,,,,
meatloaf,,nan,True,,,,,,,,,,,,,,,,,,
cake fill salt vegetable,,cake fish patty,True,cake fish patty,1 cake or patty,85.0,34.0,10.4,0.72,12.64,30.0,13.63,429.0,47.0,0.5,0.8,,,,,
cantonese fry rice,,nan,True,,,,,,,,,,,,,,,,,,
prawn shrimp small,,shrimp,True,shrimp,1 large/jumbo shrimp,15.0,64.0,4.9,0.53,6.67,26.0,15.46,348.0,63.0,0.0,0.1,,,,,
butter herb,,nan,True,,,,,,,,,,,,,,,,,,
balsamic vinegar,,vinegar,True,vinegar,Quantity not specified,30.0,7.0,0.93,0.2,0.0,5.0,0.0,5.0,0.0,0.0,0.0,,,,,
flour halfwhite large roll void white,,bread nut,True,bread nut,Quantity not specified,49.0,161.0,49.66,2.31,20.1,24.0,6.59,336.0,37.0,0.1,0.6,,,,,
chocolate cooky,,nan,True,,,,,,,,,,,,,,,,,,
corn crisp,,cheese corn flavor snack,True,cheese corn flavor snack,1 large single serving bag,85.0,53.0,54.54,1.69,36.54,18.0,5.46,928.0,13.0,0.1,0.1,,,,,
bagel fill without,,bagel grain white whole,True,bagel grain white whole,1 small,69.0,105.0,48.89,2.76,1.53,51.0,10.2,439.0,0.0,0.0,0.0,,,,,
berry du du green lentil puy,,nan,True,,,,,,,,,,,,,,,,,,
chocolate chocolate drink milk,,chocolate drink milk,True,chocolate drink milk,Quantity not specified,248.0,100.0,10.68,0.33,0.4,11.0,0.64,91.0,60.0,2.0,1.3,,,,,
cocktail,,cocktail,True,cocktail,1 drink,225.0,1.0,7.8,0.02,0.19,0.0,0.0,3.0,0.0,0.0,0.0,,,,,
crouton,,crouton,True,crouton,Quantity not specified,5.0,96.0,63.5,2.82,18.3,42.0,10.8,1333.0,7.0,0.0,0.0,,,,,
cod,,cod fish,True,cod fish,Quantity not specified,140.0,21.0,11.72,1.02,12.48,20.0,13.52,426.0,4.0,0.0,0.4,,,,,
ou soya yahourt yaourt yoghourt yogourt,,soy yogurt,True,soy yogurt,"1 container, NFS",150.0,89.0,12.27,1.08,2.63,27.0,4.83,30.0,42.0,1.5,1.2,,,,,
sausage veal,,marsala veal,True,marsala veal,Quantity not specified,96.0,14.0,6.74,1.05,8.54,24.0,17.82,147.0,43.0,1.4,0.5,,,,,
cheesecake,,nan,True,,,,,,,,,,,,,,,,,,
bleu cordon fry pork schnitzel,,bleu cordon veal,True,bleu cordon veal,Quantity not specified,229.0,97.0,9.34,1.32,9.69,30.0,23.66,443.0,49.0,1.8,0.7,,,,,
butter cheese ham sandwich,,cheese club sandwich wheat,True,cheese club sandwich wheat,Quantity not specified,155.0,192.0,19.13,1.58,10.5,36.0,16.58,798.0,38.0,0.0,0.7,,,,,
butterfly farfalle form pasta,,nan,True,,,,,,,,,,,,,,,,,,
flour grit maize polenta,,creamy meatball polenta,True,,,,,,,,,,,,,,,,,,
croque monsieur,,nan,True,,,,,,,,,,,,,,,,,,
raspberry,,raspberry,True,raspberry,Quantity not specified,75.0,16.0,12.9,0.45,0.19,19.0,1.01,0.0,2.0,23.0,0.0,,,,,
ice tea,,nan,True,,,,,,,,,,,,,,,,,,
lasagne prepare vegetable,,lasagna meatless vegetable,True,lasagna meatless vegetable,"1 piece (1/6 of 8"" square, approx 2-1/2"" x 4"")",227.0,268.0,14.52,0.76,9.38,26.0,11.2,384.0,102.0,3.5,0.2,,,,,
dip,,dip,True,dip,1 individual container,70.0,79.0,3.94,0.32,45.18,10.0,2.55,718.0,83.0,1.7,0.1,,,,,
corn flake,,bran cereal flake flavor,True,bran cereal flake flavor,Quantity not specified,60.0,24.0,78.74,9.85,1.18,28.0,8.13,347.0,0.0,0.3,4.9,,,,,
chard swiss,,cheese swiss,True,cheese swiss,"1 cup, shredded",108.0,890.0,1.44,0.13,31.0,33.0,27.0,185.0,292.0,0.0,0.0,,,,,
noodlesvermicelli rice,,nan,True,,,,,,,,,,,,,,,,,,
tiramisu,,tiramisu,True,tiramisu,1 cubic inch,10.0,65.0,29.44,1.12,23.86,16.0,5.65,173.0,185.0,1.1,0.6,,,,,
pea,,chickpea,True,chickpea,Quantity not specified,92.0,46.0,25.48,2.7,8.91,45.0,8.23,222.0,1.0,1.1,0.0,,,,,
pork roast,,pork roast,True,pork roast,1 cup,135.0,7.0,0.0,0.64,7.49,25.0,26.63,353.0,0.0,0.0,0.4,,,,,
curry sauce,,curry sauce,True,curry sauce,Quantity not specified,32.0,21.0,5.03,0.89,8.22,15.0,1.39,383.0,21.0,5.8,0.1,,,,,
apricot,,apricot,True,apricot,1 slice/chunk,10.0,13.0,11.12,0.39,0.39,10.0,1.4,1.0,96.0,10.0,0.0,,,,,
lamb,,lamb loaf mutton,True,lamb loaf mutton,Quantity not specified,70.0,50.0,7.44,1.29,11.58,17.0,14.05,467.0,35.0,0.5,0.5,,,,,
lasagne meat prepare,,lasagna meat restaurant,True,lasagna meat restaurant,1 cup,250.0,197.0,11.36,0.79,10.69,22.0,10.83,466.0,81.0,0.7,0.0,,,,,
bouquet garni,,nan,True,,,,,,,,,,,,,,,,,,
almond butter puree spread,,almond butter,True,almond butter,1 tablespoon,16.0,263.0,21.11,4.08,52.72,266.0,20.67,232.0,0.0,0.0,0.0,,,,,
cake salt,,bean cake,True,bean cake,1 cake,32.0,15.0,49.88,2.58,21.41,21.0,5.8,186.0,0.0,0.3,0.0,,,,,
large prawn shrimp,,shrimp,True,shrimp,1 large/jumbo shrimp,15.0,64.0,4.9,0.53,6.67,26.0,15.46,348.0,63.0,0.0,0.1,,,,,
bread dough dough pastry pizza puff shortcrust,,cheese crust meat pizza thin white,True,cheese crust meat pizza thin white,"1 medium pizza (11-12"" diameter)",571.0,224.0,22.77,1.8,17.36,23.0,13.56,622.0,62.0,0.1,0.3,,,,,
rice waffels,,waffle,True,waffle,1 thick / Belgian waffle,135.0,299.0,48.39,6.59,9.49,22.0,7.42,460.0,438.0,0.0,0.0,,,,,
cervelat,,beef liver,True,beef liver,"1 slice, any size",85.0,6.0,5.12,6.12,4.64,22.0,26.31,384.0,7683.0,0.7,1.2,,,,,
tea verveine,,herbal hot tea,True,herbal hot tea,Quantity not specified,360.0,2.0,0.2,0.08,0.0,1.0,0.0,1.0,0.0,0.0,0.0,,,,,
sekt,,champagne punch,True,champagne punch,Quantity not specified,180.0,8.0,11.5,0.25,0.06,8.0,0.16,4.0,0.0,4.0,0.0,,,,,
sorbet,,sorbet,True,sorbet,1 bar,80.0,3.0,27.12,0.17,0.05,2.0,0.79,13.0,0.0,5.2,0.0,,,,,
brioche,,brioche,True,brioche,Quantity not specified,70.0,44.0,36.31,2.86,27.46,17.0,8.96,437.0,269.0,0.0,0.9,,,,,
coca cola,,champagne punch,True,champagne punch,Quantity not specified,180.0,8.0,11.5,0.25,0.06,8.0,0.16,4.0,0.0,4.0,0.0,,,,,
coca cola zero,,champagne punch,True,champagne punch,Quantity not specified,180.0,8.0,11.5,0.25,0.06,8.0,0.16,4.0,0.0,4.0,0.0,,,,,
charcuterie meat process,,green ham pork,True,green ham pork,Quantity not specified,108.0,205.0,4.68,1.1,1.41,30.0,4.91,370.0,222.0,40.5,0.1,,,,,
croissant ham,,cheese croissant,True,cheese croissant,1 croissant,57.0,53.0,47.0,2.15,20.9,24.0,9.2,361.0,204.0,0.2,0.0,,,,,
mousse,,mousse,True,mousse,1 cup,170.0,102.0,16.23,0.52,15.12,21.0,4.2,34.0,138.0,0.2,1.5,,,,,
sauce sour sweet,,sauce sour sweet,True,sauce sour sweet,1 tablespoon,16.0,10.0,38.22,0.21,0.02,8.0,0.27,539.0,1.0,8.7,0.0,,,,,
ham turkey,,can turkey,True,can turkey,1 can (5 oz) yields,125.0,14.0,0.9,1.3,8.1,19.0,25.3,482.0,53.0,0.0,0.1,,,,,
rice wholegrain,,adobo rice,True,adobo rice,1 cup,244.0,18.0,8.86,1.34,7.94,21.0,17.69,522.0,4.0,0.0,0.4,,,,,
mungbean sprout,,sprout,True,sprout,Quantity not specified,28.0,13.0,5.94,0.91,0.18,21.0,3.04,6.0,1.0,13.2,0.0,,,,,
ginger tea,,ginger tea,True,ginger tea,1 medium,480.0,3.0,0.18,0.01,0.01,1.0,0.02,4.0,0.0,0.0,0.0,,,,,
basil,,basil,True,basil,1 leaf,0.5,177.0,2.65,3.17,0.64,64.0,3.15,4.0,264.0,18.0,0.0,,,,,
apricot bake cake dough pie,,nan,True,,,,,,,,,,,,,,,,,,
beer light,,beer light,True,beer light,1 can or bottle (16 fl oz),480.0,4.0,1.64,0.03,0.0,5.0,0.24,4.0,0.0,0.0,0.0,,,,,
chop lamb,,chop lamb,True,chop lamb,1 oz yields,20.0,20.0,0.0,1.89,16.27,26.0,27.36,387.0,0.0,0.0,0.1,,,,,
rusk wholemeal,,nan,True,,,,,,,,,,,,,,,,,,
chop coleslaw sauce without,,coleslaw,True,coleslaw,1 cup,220.0,33.0,10.45,0.14,7.98,11.0,0.94,280.0,79.0,26.9,0.0,,,,,
dry fruit mix nut,,fruit mix nut trail,True,fruit mix nut trail,1 package,50.0,61.0,51.06,2.13,26.83,112.0,10.9,134.0,1.0,0.9,0.0,,,,,
beef roast,,beef roast,True,beef roast,1 cup,135.0,15.0,0.0,2.89,9.72,18.0,29.08,372.0,4.0,0.0,0.0,,,,,
alcohol aperitif apérol spritz,,nan,True,,,,,,,,,,,,,,,,,,
nut,,nut,True,nut,Quantity not specified,28.0,93.0,20.9,2.76,53.82,196.0,19.59,313.0,1.0,0.4,0.0,,,,,
cook cream crème custard dessert vanille,,cone cream ice serve soft vanilla,True,cone cream ice serve soft vanilla,Quantity not specified,125.0,156.0,31.44,0.33,4.91,14.0,4.91,81.0,123.0,1.2,0.1,,,,,
sauce tartar,,sauce tartar,True,sauce tartar,Quantity not specified,28.0,26.0,13.3,0.25,16.7,6.0,1.0,667.0,11.0,2.3,0.0,,,,,
country fry,,beef country fry steak,True,beef country fry steak,1 thick,240.0,23.0,7.94,1.8,21.05,19.0,19.9,432.0,2.0,0.0,0.2,,,,,
carbonara sauce,,nan,True,,,,,,,,,,,,,,,,,,
jasmin rice,,adobo rice,True,adobo rice,1 cup,244.0,18.0,8.86,1.34,7.94,21.0,17.69,522.0,4.0,0.0,0.4,,,,,
champagne,,champagne punch,True,champagne punch,Quantity not specified,180.0,8.0,11.5,0.25,0.06,8.0,0.16,4.0,0.0,4.0,0.0,,,,,
meat mince,,bean meat rice,True,bean meat rice,Quantity not specified,170.0,25.0,23.54,1.64,4.24,33.0,7.49,263.0,1.0,0.3,0.0,,,,,
addition carrot salt steam without,,add carrot fat rice white,True,add carrot fat rice white,Quantity not specified,120.0,15.0,22.64,0.97,2.42,11.0,2.16,195.0,204.0,0.9,0.0,,,,,
ebly,,adobo rice,True,adobo rice,1 cup,244.0,18.0,8.86,1.34,7.94,21.0,17.69,522.0,4.0,0.0,0.4,,,,,
high lentil make pasta pea protein,,lentil,True,lentil,1 cup,185.0,18.0,18.71,3.1,6.86,33.0,8.38,218.0,0.0,1.3,0.0,,,,,
burger veggie,,nan,True,,,,,,,,,,,,,,,,,,
bread finger fish,,shellfish,True,shellfish,1 cup,135.0,64.0,4.9,0.53,6.67,26.0,15.46,348.0,63.0,0.0,0.1,,,,,
artichoke,,artichoke,True,artichoke,1 cup,150.0,21.0,11.95,0.61,0.34,42.0,2.89,60.0,1.0,7.4,0.0,,,,,
dry mango,,dry mango,True,dry mango,1 cup,160.0,0.0,78.58,0.23,1.18,20.0,2.45,162.0,67.0,42.3,0.0,,,,,
coconut,,coconut milk,True,coconut milk,Guideline amount per fl oz of beverage,2.5,188.0,2.92,0.3,2.08,0.0,0.21,19.0,63.0,0.0,1.0,,,,,
banana cake,,nan,True,,,,,,,,,,,,,,,,,,
waffle,,waffle,True,waffle,1 thick / Belgian waffle,135.0,299.0,48.39,6.59,9.49,22.0,7.42,460.0,438.0,0.0,0.0,,,,,
apricot dry,,apricot dry,True,apricot dry,1 cup,160.0,55.0,62.64,2.66,0.51,32.0,3.39,10.0,180.0,1.0,0.0,,,,,
fresh watermelon,,watermelon,True,watermelon,Quantity not specified,78.0,7.0,7.55,0.24,0.15,10.0,0.61,1.0,28.0,8.1,0.0,,,,,
couscous prepare taboulé,,nan,True,,,,,,,,,,,,,,,,,,
black forest tart,,nan,True,,,,,,,,,,,,,,,,,,
onion pearl,,nan,True,,,,,,,,,,,,,,,,,,
tzatziki,,nan,True,,,,,,,,,,,,,,,,,,
asian sauce sweetsalted,,dress pasta sauce vegetable,True,dress pasta sauce vegetable,1 cup,150.0,15.0,23.1,1.04,3.54,18.0,4.46,148.0,107.0,8.2,0.0,,,,,
compote fruit,,nan,True,,,,,,,,,,,,,,,,,,
bread olive,,nan,True,,,,,,,,,,,,,,,,,,
margarine,,margarine,True,margarine,Quantity not specified,14.0,16.0,0.82,0.02,65.04,2.0,0.17,694.0,819.0,0.1,3.7,,,,,
asparagus green,,asparagus,True,asparagus,Quantity not specified,68.0,24.0,3.88,2.14,0.12,14.0,2.2,2.0,38.0,5.6,0.0,,,,,
shoot,,sprout,True,sprout,Quantity not specified,28.0,13.0,5.94,0.91,0.18,21.0,3.04,6.0,1.0,13.2,0.0,,,,,
conch form pasta,,cook pasta,True,cook pasta,"1 oz, dry, yields",80.0,7.0,30.68,1.27,0.92,18.0,5.76,232.0,0.0,0.0,0.0,,,,,
grapefruit pomelo,,grapefruit,True,grapefruit,Quantity not specified,154.0,22.0,10.66,0.08,0.14,9.0,0.77,0.0,58.0,31.2,0.0,,,,,
au bake gratin vegetable,,au chicken diet entree freeze gratin rice vegetable,True,au chicken diet entree freeze gratin rice vegetable,1 entree (9.1 oz),258.0,95.0,7.24,0.57,5.41,29.0,10.67,499.0,90.0,6.9,0.0,,,,,
chop pork,,chop pork stuff,True,chop pork stuff,"1 chop, any size",180.0,15.0,7.82,0.73,9.04,22.0,18.37,414.0,28.0,0.3,0.4,,,,,
blackberry,,blackberry,True,blackberry,1 blackberry,5.0,29.0,9.61,0.62,0.49,20.0,1.39,1.0,11.0,21.0,0.0,,,,,
coffee decaffeinate,,brew coffee decaffeinate,True,brew coffee decaffeinate,"1 large pot (60 FO, 12 servings)",1800.0,2.0,0.0,0.05,0.0,5.0,0.1,2.0,0.0,0.0,0.0,,,,,
dry fig,,dry fig,True,dry fig,1 fig,8.0,162.0,63.9,2.03,0.92,68.0,3.3,10.0,0.0,1.2,0.0,,,,,
potatognocchi,,gnocchi potato,True,gnocchi potato,1 piece,26.0,22.0,17.2,0.83,6.33,12.0,2.44,279.0,62.0,1.9,0.2,,,,,
dress italian salad,,nan,True,,,,,,,,,,,,,,,,,,
cake marble,,nan,True,,,,,,,,,,,,,,,,,,
glaze sugar,,sugar,True,sugar,1 teaspoon,4.2,1.0,99.6,0.05,0.32,0.0,0.0,1.0,0.0,0.0,0.0,,,,,
croissant wholegrain,,croissant fruit,True,croissant fruit,Quantity not specified,70.0,36.0,47.04,1.99,19.72,16.0,7.75,287.0,193.0,0.4,0.0,,,,,
fruit tea,,drink ice juice lemonade tea,True,drink ice juice lemonade tea,1 fl oz (with ice),23.0,4.0,9.15,0.04,0.05,5.0,0.2,12.0,1.0,6.3,0.0,,,,,
meat tartar,,steak tartare,True,steak tartare,1 cup,225.0,28.0,0.34,2.12,15.6,17.0,17.45,370.0,42.0,0.2,0.6,,,,,
curd fidm natural,,cheese cottage fat low,True,cheese cottage fat low,Quantity not specified,113.0,103.0,4.31,0.13,2.3,9.0,11.0,321.0,69.0,0.0,0.0,,,,,
asparagus white,,asparagus,True,asparagus,Quantity not specified,68.0,24.0,3.88,2.14,0.12,14.0,2.2,2.0,38.0,5.6,0.0,,,,,
peach,,peach,True,peach,Quantity not specified,150.0,4.0,10.1,0.34,0.27,8.0,0.91,13.0,24.0,4.1,0.0,,,,,
curd,,cheese cottage fat low,True,cheese cottage fat low,Quantity not specified,113.0,103.0,4.31,0.13,2.3,9.0,11.0,321.0,69.0,0.0,0.0,,,,,
beef cook meat pork sausag sausage smoke,,beef loaf make meat pork sauce tomatobased,True,beef loaf make meat pork sauce tomatobased,1 cocktail meatball,9.0,52.0,6.75,1.66,8.18,18.0,13.63,426.0,22.0,2.1,0.4,,,,,
bake cake dough pie rhubarb,,blueberry fill pie,True,blueberry fill pie,Quantity not specified,130.0,27.0,44.38,0.8,0.2,10.0,0.41,12.0,1.0,0.7,0.0,,,,,
cocktail sauce,,cocktail sauce,True,cocktail sauce,1 tablespoon,17.0,26.0,28.22,0.83,1.05,17.0,1.36,1262.0,18.0,11.6,0.0,,,,,
addition addition fat salt stew tomato without without,,beef gravy potato puerto rican stew,True,beef gravy potato puerto rican stew,Quantity not specified,116.0,7.0,14.45,0.45,0.93,13.0,2.46,235.0,0.0,4.7,0.0,,,,,
buckwheat pancake,,nan,True,,,,,,,,,,,,,,,,,,
cherry,,cherry,True,cherry,Quantity not specified,75.0,12.0,16.16,0.11,0.19,12.0,1.04,0.0,3.0,10.4,0.0,,,,,
nectarine,,nectarine,True,nectarine,1 slice/chunk,20.0,2.0,9.18,0.3,0.28,9.0,1.06,13.0,21.0,2.9,0.0,,,,,
fig,,fig,True,fig,Quantity not specified,50.0,35.0,19.18,0.37,0.3,17.0,0.75,1.0,7.0,2.0,0.0,,,,,
damson plum,,can plum,True,can plum,1 fruit,75.0,5.0,13.54,0.13,0.23,5.0,0.52,1.0,11.0,5.7,0.0,,,,,
bean seed,,bean refried,True,bean refried,Quantity not specified,130.0,29.0,13.55,1.44,2.01,35.0,4.98,370.0,0.0,5.7,0.0,,,,,
